-- Cloudflare D1 Schema Fampam Restaurant

DROP TABLE IF EXISTS dishes;
DROP TABLE IF EXISTS collections;

CREATE TABLE IF NOT EXISTS collections (
  id TEXT PRIMARY KEY,
  key TEXT UNIQUE NOT NULL,
  label TEXT NOT NULL,
  subtitle TEXT,
  sort_order INTEGER NOT NULL DEFAULT 0,
  created_at TEXT NOT NULL DEFAULT CURRENT_TIMESTAMP
);

CREATE TABLE IF NOT EXISTS dishes (
  id TEXT PRIMARY KEY,
  collection_id TEXT NOT NULL REFERENCES collections(id) ON DELETE CASCADE,
  code TEXT UNIQUE NOT NULL,
  name TEXT NOT NULL,
  description TEXT,
  price_cents INTEGER NOT NULL DEFAULT 0,
  trace TEXT,
  sticker_url TEXT,
  dietary TEXT NOT NULL DEFAULT '[]',
  tags TEXT NOT NULL DEFAULT '[]',
  spice_level INTEGER NOT NULL DEFAULT 0,
  seasonal INTEGER NOT NULL DEFAULT 0,
  shared_grill INTEGER NOT NULL DEFAULT 0,
  raw_warning INTEGER NOT NULL DEFAULT 0,
  is_published INTEGER NOT NULL DEFAULT 1,
  sort_order INTEGER NOT NULL DEFAULT 0,
  created_at TEXT NOT NULL DEFAULT CURRENT_TIMESTAMP,
  translations TEXT NOT NULL DEFAULT '{}',
  has_variants INTEGER NOT NULL DEFAULT 0,
  variants TEXT NOT NULL DEFAULT '[]'
);

CREATE INDEX IF NOT EXISTS dishes_collection_idx ON dishes (collection_id, sort_order);

CREATE TABLE IF NOT EXISTS reservations (
    id TEXT PRIMARY KEY,
    created_at TEXT NOT NULL DEFAULT CURRENT_TIMESTAMP,
    name TEXT NOT NULL,
    email TEXT NOT NULL,
    message TEXT,
    date TEXT NOT NULL,
    time TEXT NOT NULL,
    party_size INTEGER NOT NULL,
    status TEXT NOT NULL DEFAULT 'pending' CHECK (status IN ('pending', 'confirmed', 'cancelled'))
);

CREATE TABLE IF NOT EXISTS site_settings (
    id TEXT PRIMARY KEY,
    key TEXT UNIQUE NOT NULL,
    value TEXT NOT NULL,
    updated_at TEXT NOT NULL DEFAULT CURRENT_TIMESTAMP
);

CREATE TABLE IF NOT EXISTS consent_logs (
  id TEXT PRIMARY KEY,
  consent_id TEXT NOT NULL,
  timestamp TEXT NOT NULL DEFAULT CURRENT_TIMESTAMP,
  choice TEXT NOT NULL,
  categories TEXT NOT NULL DEFAULT '{}',
  website_version TEXT
);

-- Seed basic site settings
INSERT INTO site_settings (id, key, value) VALUES
(lower(hex(randomblob(16))), 'hero', '{"mediaType": "video", "url": "https://pub-8cce0d5378724856b211904c1b1c0277.r2.dev/0k2kvo_1.mp4"}'),
(lower(hex(randomblob(16))), 'brand', '{"name": "FAMPAM", "tagline": "Modern Asian Cuisine"}'),
(lower(hex(randomblob(16))), 'contact', '{"phone": "+48 123 456 789", "email": "hello@fampam.com", "address": "ul. Wawelska 12, Krakow"}'),
(lower(hex(randomblob(16))), 'booking_config', '{"receiving_email": "admin@fampam.de"}'),
(lower(hex(randomblob(16))), 'restaurant_info', '{
  "name": "FamPam Restaurant",
  "description": "Vietnamesisches Restaurant",
  "address": "Lietzenburger Str. 77, 10719 Berlin",
  "phone": "030 8812460",
  "website": "business.google.com",
  "hours": [
    {"day": "Montag", "hours": "12:00–22:00"},
    {"day": "Dienstag", "hours": "11:00–22:00"},
    {"day": "Mittwoch", "hours": "11:00–22:00"},
    {"day": "Donnerstag", "hours": "11:00–22:00"},
    {"day": "Freitag", "hours": "11:00–22:00"},
    {"day": "Samstag", "hours": "12:00–22:00"},
    {"day": "Sonntag", "hours": "12:00–22:00"}
  ],
  "socials": {
    "facebook": "#",
    "ubereats": "https://www.ubereats.com/de/store/fampam-asiatische-kuche-%26-sushibar/ZGwHGiweQ5-9dcLw3OqNvQ",
    "wolt": "https://wolt.com/de/deu/berlin/restaurant/fam-pam-asiatische-kche-sushibar",
    "lieferando": "https://www.lieferando.de/speisekarte/fam-pam-restaurant"
  }
}')
ON CONFLICT (key) DO UPDATE SET value = EXCLUDED.value;



-- Seed Collections from collections_rows.csv
INSERT INTO collections (id, key, label, subtitle, sort_order) VALUES
('44d9203b-e74b-4d59-bfc6-2df840315046', 'libations', 'DRINK', 'the bar', 5),
('49eb5540-c4d9-435c-8c3f-4b1165276091', 'fampam_specialty', 'FAMPAM SPECIALTY', 'house signatures', 4),
('62084a19-79f9-4a85-b86e-97477da5f5c1', 'soup', 'SOUP', 'warm bowls', 1),
('719fbeba-c17a-43de-8a65-3fbed5182505', 'mon_chinh', 'MAIN DISH', 'large plates / the core', 3),
('bb9c212f-ec99-4bea-af02-453f624b126a', 'khai_vi', 'APPETIZERS', 'small plates / to begin', 2)
ON CONFLICT (key) DO UPDATE SET label = EXCLUDED.label, subtitle = EXCLUDED.subtitle, sort_order = EXCLUDED.sort_order;

-- Seed Dishes from dishes_rows.csv
INSERT INTO dishes (id, collection_id, code, name, description, price_cents, trace, sticker_url, dietary, tags, spice_level, seasonal, shared_grill, raw_warning, is_published, sort_order, translations, has_variants, variants) VALUES
('03978fce-aef8-491f-b983-c9dd7a661637', '719fbeba-c17a-43de-8a65-3fbed5182505', 'M002', 'Juicy Rice 2', 'A delightful serving of juicy rice 2 prepared with authentic spices and fresh ingredients.', 1433, '', '', '[]', '[]', 0, 0, 0, 0, 1, 12, '{"de":{"name":"Juicy Rice 2 (DE)","description":"A delightful serving of juicy rice 2 prepared with authentic spices and fresh ingredients. (German)"},"pl":{"name":"Juicy Rice 2 (PL)","description":"A delightful serving of juicy rice 2 prepared with authentic spices and fresh ingredients. (Polish)"},"vi":{"name":"Juicy Rice 2 (VI)","description":"A delightful serving of juicy rice 2 prepared with authentic spices and fresh ingredients. (Vietnamese)"}}', 0, '[]'),
('03e4a6a4-6ff1-4918-8ff1-dd8d2c1e4ae8', '44d9203b-e74b-4d59-bfc6-2df840315046', 'L03', 'Hà Nội Eggu Coffee', 'Robusta espresso, whipped condensed-milk yolk crema, vanilla.', 900, '', '', '["V","GF","NF","SF"]', '[]', 0, 0, 0, 0, 1, 3, '{}', 0, '[]'),
('05936733-1c09-4e26-b1eb-42d06e9699e9', '44d9203b-e74b-4d59-bfc6-2df840315046', 'L006', 'Tender Coffee 6', 'A delightful serving of tender coffee 6 prepared with authentic spices and fresh ingredients.', 2461, '', '', '[]', '[]', 1, 0, 0, 0, 1, 16, '{"de":{"name":"Tender Coffee 6 (DE)","description":"A delightful serving of tender coffee 6 prepared with authentic spices and fresh ingredients. (German)"},"pl":{"name":"Tender Coffee 6 (PL)","description":"A delightful serving of tender coffee 6 prepared with authentic spices and fresh ingredients. (Polish)"},"vi":{"name":"Tender Coffee 6 (VI)","description":"A delightful serving of tender coffee 6 prepared with authentic spices and fresh ingredients. (Vietnamese)"}}', 0, '[]'),
('098caae4-1321-41bd-acd4-7e4ac88462bf', '44d9203b-e74b-4d59-bfc6-2df840315046', 'L004', 'Glazed Tea 4', 'A delightful serving of glazed tea 4 prepared with authentic spices and fresh ingredients.', 1174, '', '', '[]', '[]', 2, 0, 0, 0, 1, 14, '{"de":{"name":"Glazed Tea 4 (DE)","description":"A delightful serving of glazed tea 4 prepared with authentic spices and fresh ingredients. (German)"},"pl":{"name":"Glazed Tea 4 (PL)","description":"A delightful serving of glazed tea 4 prepared with authentic spices and fresh ingredients. (Polish)"},"vi":{"name":"Glazed Tea 4 (VI)","description":"A delightful serving of glazed tea 4 prepared with authentic spices and fresh ingredients. (Vietnamese)"}}', 0, '[]'),
('0f5cd8a1-3df9-4bd8-935f-75c36e6071fb', 'bb9c212f-ec99-4bea-af02-453f624b126a', 'K01', 'Charcoal-Blistered Edamame', 'Nuoc cham butter, crispy fried shallots, sea salt.', 1200, '', '', '["VV","GF","NF"]', '[]', 0, 0, 0, 0, 1, 1, '{}', 0, '[]'),
('131b4e9d-32eb-448e-acba-b50dcec20856', 'bb9c212f-ec99-4bea-af02-453f624b126a', 'K001', 'Spicy Dumplings 1', 'A delightful serving of spicy dumplings 1 prepared with authentic spices and fresh ingredients.', 1959, '', '', '[]', '[]', 1, 0, 0, 0, 1, 11, '{"de":{"name":"Spicy Dumplings 1 (DE)","description":"A delightful serving of spicy dumplings 1 prepared with authentic spices and fresh ingredients. (German)"},"pl":{"name":"Spicy Dumplings 1 (PL)","description":"A delightful serving of spicy dumplings 1 prepared with authentic spices and fresh ingredients. (Polish)"},"vi":{"name":"Spicy Dumplings 1 (VI)","description":"A delightful serving of spicy dumplings 1 prepared with authentic spices and fresh ingredients. (Vietnamese)"}}', 0, '[]'),
('160260ed-82d3-473e-83a6-eb09b0e4e438', '719fbeba-c17a-43de-8a65-3fbed5182505', 'M08', 'Duck Leg Cơm Tấm', 'Broken rice, confit duck leg, nuoc cham, pickled mustard greens.', 2200, '', '', '["GF","NF","SF"]', '[]', 0, 0, 0, 0, 1, 8, '{}', 0, '[]'),
('17883012-e49d-41c3-a331-ffada0bce998', '719fbeba-c17a-43de-8a65-3fbed5182505', 'M010', 'Grilled Roast 10', 'A delightful serving of grilled roast 10 prepared with authentic spices and fresh ingredients.', 1709, '', '', '[]', '[]', 3, 0, 0, 0, 1, 20, '{"de":{"name":"Grilled Roast 10 (DE)","description":"A delightful serving of grilled roast 10 prepared with authentic spices and fresh ingredients. (German)"},"pl":{"name":"Grilled Roast 10 (PL)","description":"A delightful serving of grilled roast 10 prepared with authentic spices and fresh ingredients. (Polish)"},"vi":{"name":"Grilled Roast 10 (VI)","description":"A delightful serving of grilled roast 10 prepared with authentic spices and fresh ingredients. (Vietnamese)"}}', 0, '[]'),
('1812dcd0-b0ac-428b-a137-1bb0f39e2785', '719fbeba-c17a-43de-8a65-3fbed5182505', 'M04', 'Bánh Mì 2.0', 'House rice baguette, pork pâté, pickled daikon, jalapeño nam prik.', 1900, '', '', '["NF","SF"]', '[]', 2, 0, 1, 0, 1, 4, '{}', 0, '[]'),
('184a4d02-27b0-4f7b-a464-7f36c7f5c5dc', '719fbeba-c17a-43de-8a65-3fbed5182505', 'M014', 'Grilled Stir-fry 14', 'A delightful serving of grilled stir-fry 14 prepared with authentic spices and fresh ingredients.', 1838, '', '', '[]', '[]', 3, 0, 0, 0, 1, 24, '{"de":{"name":"Grilled Stir-fry 14 (DE)","description":"A delightful serving of grilled stir-fry 14 prepared with authentic spices and fresh ingredients. (German)"},"pl":{"name":"Grilled Stir-fry 14 (PL)","description":"A delightful serving of grilled stir-fry 14 prepared with authentic spices and fresh ingredients. (Polish)"},"vi":{"name":"Grilled Stir-fry 14 (VI)","description":"A delightful serving of grilled stir-fry 14 prepared with authentic spices and fresh ingredients. (Vietnamese)"}}', 0, '[]'),
('186914e2-3028-4550-b97b-1c492bfebfd6', '49eb5540-c4d9-435c-8c3f-4b1165276091', 'K28', 'Bowl', 'Basic: Jasminreis oder Reisnudeln - jasmine rice or rice noodle. Toppings: Mix Salat, Avocado, Gurke, Mais, Cherry Tomaten, Kidney Bohnen. Homemade Sauce: 1. Teriyaki-Cocktail Sauce 2. hausgemachte Fischsoße.', 0, '', '', '[]', '[]', 0, 0, 0, 0, 1, 7, '{"de":{"name":"Bowl","description":"Basic: Jasminreis oder Reisnudeln. Toppings: Mix Salat, Avocado, Gurke, Mais, Cherry Tomaten, Kidney Bohnen. Homemade Sauce: 1. Teriyaki-Cocktail Sauce 2. hausgemachte Fischsoße."},"en":{"name":"Bowl","description":"Basic: jasmine rice or rice noodle. Toppings: Mix salad, avocado, cucumber, corn, cherry tomatoes, kidney beans. Homemade Sauce: 1. Teriyaki-Cocktail Sauce 2. homemade fish sauce."},"vi":{"name":"Bowl","description":"Cơ bản: Cơm hoa lài hoặc Bún. Topping: Salad trộn, bơ, dưa leo, bắp, cà chua bi, đậu tây đỏ. Nước xốt nhà làm: 1. Xốt Teriyaki-Cocktail 2. Nước mắm pha."}}', 1, '[{"name":"Tofu","price":1290,"dietary":["V"],"price_cents":1290},{"name":"Yakitori","price":1390,"price_cents":1390}]'),
('1d302465-fa25-4cdb-b52a-cfa2641b2515', '44d9203b-e74b-4d59-bfc6-2df840315046', 'L011', 'Grilled Matcha 11', 'A delightful serving of grilled matcha 11 prepared with authentic spices and fresh ingredients.', 2276, '', '', '[]', '[]', 3, 0, 0, 0, 1, 21, '{"de":{"name":"Grilled Matcha 11 (DE)","description":"A delightful serving of grilled matcha 11 prepared with authentic spices and fresh ingredients. (German)"},"pl":{"name":"Grilled Matcha 11 (PL)","description":"A delightful serving of grilled matcha 11 prepared with authentic spices and fresh ingredients. (Polish)"},"vi":{"name":"Grilled Matcha 11 (VI)","description":"A delightful serving of grilled matcha 11 prepared with authentic spices and fresh ingredients. (Vietnamese)"}}', 0, '[]'),
('1f1c4b02-a01d-4c91-ac5b-60c01919eddb', '62084a19-79f9-4a85-b86e-97477da5f5c1', 'S06', 'Soup Placeholder 6', 'A delicious placeholder soup.', 1500, '', '', '[]', '[]', 0, 0, 0, 0, 1, 6, '{}', 0, '[]'),
('1f31c09d-0033-4f71-a13c-2da919224613', '44d9203b-e74b-4d59-bfc6-2df840315046', 'L016', 'Aromatic Tea 16', 'A delightful serving of aromatic tea 16 prepared with authentic spices and fresh ingredients.', 687, '', '', '[]', '[]', 2, 0, 0, 0, 1, 26, '{"de":{"name":"Aromatic Tea 16 (DE)","description":"A delightful serving of aromatic tea 16 prepared with authentic spices and fresh ingredients. (German)"},"pl":{"name":"Aromatic Tea 16 (PL)","description":"A delightful serving of aromatic tea 16 prepared with authentic spices and fresh ingredients. (Polish)"},"vi":{"name":"Aromatic Tea 16 (VI)","description":"A delightful serving of aromatic tea 16 prepared with authentic spices and fresh ingredients. (Vietnamese)"}}', 0, '[]'),
('201a639c-7ca0-4033-abb4-f8213d033d3c', '49eb5540-c4d9-435c-8c3f-4b1165276091', 'K19', 'Phở Xào - Pad Thai', 'Reisbandnudeln im Wok gebraten mit Ei, Möhren, Pak Choi, Zwiebeln, abgeschmeckt mit Koriander und Röstzwiebeln', 0, '', '', '[]', '[]', 0, 0, 0, 0, 1, 2, '{"de":{"name":"Phở Xào - Pad Thai","description":"Reisbandnudeln im Wok gebraten mit Ei, Möhren, Pak Choi, Zwiebeln, abgeschmeckt mit Koriander und Röstzwiebeln"},"en":{"name":"Phở Xào - Pad Thai","description":"Flat rice noodles fried in a wok with egg, carrots, pak choi, onions, seasoned with coriander and roasted onions"},"vi":{"name":"Phở Xào - Pad Thai","description":"Bánh phở xào với trứng, cà rốt, cải thìa, hành tây, nêm ngò và hành phi"}}', 1, '[{"name":"Gemüse veggie","price":1190,"price_cents":1190},{"name":"Tofu","price":1290,"price_cents":1290},{"name":"Hühnerfleisch chicken","price":1290,"price_cents":1290},{"name":"Knusprige Hühnerbrust crispy chicken","price":1390,"price_cents":1390},{"name":"Rindfleisch beef","price":1390,"price_cents":1390},{"name":"Knusprige Ente crispy duck","price":1490,"price_cents":1490},{"name":"Große Garnelen prawns","price":1590,"price_cents":1590},{"name":"Vegane Ente vegan duck","price":1450,"price_cents":1490},{"name":"Veganes Huhn vegan chicken","price":1390,"price_cents":1590}]'),
('21a7b2b4-bdb5-4d78-8b91-e1dfe4573c25', '44d9203b-e74b-4d59-bfc6-2df840315046', 'L005', 'Modern Cocktail 5', 'A delightful serving of modern cocktail 5 prepared with authentic spices and fresh ingredients.', 1686, '', '', '[]', '[]', 0, 0, 0, 0, 1, 15, '{"de":{"name":"Modern Cocktail 5 (DE)","description":"A delightful serving of modern cocktail 5 prepared with authentic spices and fresh ingredients. (German)"},"pl":{"name":"Modern Cocktail 5 (PL)","description":"A delightful serving of modern cocktail 5 prepared with authentic spices and fresh ingredients. (Polish)"},"vi":{"name":"Modern Cocktail 5 (VI)","description":"A delightful serving of modern cocktail 5 prepared with authentic spices and fresh ingredients. (Vietnamese)"}}', 0, '[]'),
('22e44c2a-1de2-4c51-a9c6-befd211c1c8f', 'bb9c212f-ec99-4bea-af02-453f624b126a', 'K015', 'Smoky Salad 15', 'A delightful serving of smoky salad 15 prepared with authentic spices and fresh ingredients.', 598, '', '', '[]', '[]', 2, 0, 0, 0, 1, 25, '{"de":{"name":"Smoky Salad 15 (DE)","description":"A delightful serving of smoky salad 15 prepared with authentic spices and fresh ingredients. (German)"},"pl":{"name":"Smoky Salad 15 (PL)","description":"A delightful serving of smoky salad 15 prepared with authentic spices and fresh ingredients. (Polish)"},"vi":{"name":"Smoky Salad 15 (VI)","description":"A delightful serving of smoky salad 15 prepared with authentic spices and fresh ingredients. (Vietnamese)"}}', 0, '[]'),
('2439b0b3-0286-40ed-b233-7c1064bdc110', '44d9203b-e74b-4d59-bfc6-2df840315046', 'L019', 'Juicy Matcha 19', 'A delightful serving of juicy matcha 19 prepared with authentic spices and fresh ingredients.', 1207, '', '', '[]', '[]', 3, 0, 0, 0, 1, 29, '{"de":{"name":"Juicy Matcha 19 (DE)","description":"A delightful serving of juicy matcha 19 prepared with authentic spices and fresh ingredients. (German)"},"pl":{"name":"Juicy Matcha 19 (PL)","description":"A delightful serving of juicy matcha 19 prepared with authentic spices and fresh ingredients. (Polish)"},"vi":{"name":"Juicy Matcha 19 (VI)","description":"A delightful serving of juicy matcha 19 prepared with authentic spices and fresh ingredients. (Vietnamese)"}}', 0, '[]'),
('24e9dd58-b4b3-49a1-be4a-641c3f3436f1', '719fbeba-c17a-43de-8a65-3fbed5182505', 'M017', 'Sweet Curry 17', 'A delightful serving of sweet curry 17 prepared with authentic spices and fresh ingredients.', 1522, '', '', '[]', '[]', 2, 0, 0, 0, 1, 27, '{"de":{"name":"Sweet Curry 17 (DE)","description":"A delightful serving of sweet curry 17 prepared with authentic spices and fresh ingredients. (German)"},"pl":{"name":"Sweet Curry 17 (PL)","description":"A delightful serving of sweet curry 17 prepared with authentic spices and fresh ingredients. (Polish)"},"vi":{"name":"Sweet Curry 17 (VI)","description":"A delightful serving of sweet curry 17 prepared with authentic spices and fresh ingredients. (Vietnamese)"}}', 0, '[]'),
('2ace546e-e2b7-4c95-b188-870a3d502b48', '44d9203b-e74b-4d59-bfc6-2df840315046', 'L001', 'Classic Matcha 1', 'A delightful serving of classic matcha 1 prepared with authentic spices and fresh ingredients.', 1091, '', '', '[]', '[]', 0, 0, 0, 0, 1, 11, '{"de":{"name":"Classic Matcha 1 (DE)","description":"A delightful serving of classic matcha 1 prepared with authentic spices and fresh ingredients. (German)"},"pl":{"name":"Classic Matcha 1 (PL)","description":"A delightful serving of classic matcha 1 prepared with authentic spices and fresh ingredients. (Polish)"},"vi":{"name":"Classic Matcha 1 (VI)","description":"A delightful serving of classic matcha 1 prepared with authentic spices and fresh ingredients. (Vietnamese)"}}', 0, '[]'),
('2d7bf628-e8dd-410f-a74d-e04dc865d103', 'bb9c212f-ec99-4bea-af02-453f624b126a', 'K010', 'Grilled Edamame 10', 'A delightful serving of grilled edamame 10 prepared with authentic spices and fresh ingredients.', 1726, '', '', '[]', '[]', 0, 0, 0, 0, 1, 20, '{"de":{"name":"Grilled Edamame 10 (DE)","description":"A delightful serving of grilled edamame 10 prepared with authentic spices and fresh ingredients. (German)"},"pl":{"name":"Grilled Edamame 10 (PL)","description":"A delightful serving of grilled edamame 10 prepared with authentic spices and fresh ingredients. (Polish)"},"vi":{"name":"Grilled Edamame 10 (VI)","description":"A delightful serving of grilled edamame 10 prepared with authentic spices and fresh ingredients. (Vietnamese)"}}', 0, '[]'),
('377975c2-b880-438a-a55a-1b4c591faecf', 'bb9c212f-ec99-4bea-af02-453f624b126a', 'K020', 'Smoky Edamame 20', 'A delightful serving of smoky edamame 20 prepared with authentic spices and fresh ingredients.', 1338, '', '', '[]', '[]', 3, 0, 0, 0, 1, 30, '{"de":{"name":"Smoky Edamame 20 (DE)","description":"A delightful serving of smoky edamame 20 prepared with authentic spices and fresh ingredients. (German)"},"pl":{"name":"Smoky Edamame 20 (PL)","description":"A delightful serving of smoky edamame 20 prepared with authentic spices and fresh ingredients. (Polish)"},"vi":{"name":"Smoky Edamame 20 (VI)","description":"A delightful serving of smoky edamame 20 prepared with authentic spices and fresh ingredients. (Vietnamese)"}}', 0, '[]'),
('38e72564-15a2-4fcc-ae0b-fb7b69a69add', '62084a19-79f9-4a85-b86e-97477da5f5c1', 'S04', 'Soup Placeholder 4', 'A delicious placeholder soup.', 1300, '', '', '[]', '[]', 0, 0, 0, 0, 1, 4, '{}', 0, '[]'),
('3a801705-0ff0-4e41-b485-8ba2f0c166fb', '44d9203b-e74b-4d59-bfc6-2df840315046', 'L009', 'Modern Latte 9', 'A delightful serving of modern latte 9 prepared with authentic spices and fresh ingredients.', 1620, '', '', '[]', '[]', 2, 0, 0, 0, 1, 19, '{"de":{"name":"Modern Latte 9 (DE)","description":"A delightful serving of modern latte 9 prepared with authentic spices and fresh ingredients. (German)"},"pl":{"name":"Modern Latte 9 (PL)","description":"A delightful serving of modern latte 9 prepared with authentic spices and fresh ingredients. (Polish)"},"vi":{"name":"Modern Latte 9 (VI)","description":"A delightful serving of modern latte 9 prepared with authentic spices and fresh ingredients. (Vietnamese)"}}', 0, '[]'),
('3f832c7f-2dbe-420d-8185-40e2d0cd741f', '44d9203b-e74b-4d59-bfc6-2df840315046', 'L010', 'Spicy Coffee 10', 'A delightful serving of spicy coffee 10 prepared with authentic spices and fresh ingredients.', 511, '', '', '[]', '[]', 0, 0, 0, 0, 1, 20, '{"de":{"name":"Spicy Coffee 10 (DE)","description":"A delightful serving of spicy coffee 10 prepared with authentic spices and fresh ingredients. (German)"},"pl":{"name":"Spicy Coffee 10 (PL)","description":"A delightful serving of spicy coffee 10 prepared with authentic spices and fresh ingredients. (Polish)"},"vi":{"name":"Spicy Coffee 10 (VI)","description":"A delightful serving of spicy coffee 10 prepared with authentic spices and fresh ingredients. (Vietnamese)"}}', 0, '[]'),
('3fec6f0c-2f40-4a49-9d42-d07f188a604c', '44d9203b-e74b-4d59-bfc6-2df840315046', 'L008', 'Savory Juice 8', 'A delightful serving of savory juice 8 prepared with authentic spices and fresh ingredients.', 1602, '', '', '[]', '[]', 1, 0, 0, 0, 1, 18, '{"de":{"name":"Savory Juice 8 (DE)","description":"A delightful serving of savory juice 8 prepared with authentic spices and fresh ingredients. (German)"},"pl":{"name":"Savory Juice 8 (PL)","description":"A delightful serving of savory juice 8 prepared with authentic spices and fresh ingredients. (Polish)"},"vi":{"name":"Savory Juice 8 (VI)","description":"A delightful serving of savory juice 8 prepared with authentic spices and fresh ingredients. (Vietnamese)"}}', 0, '[]'),
('42c2b9b1-b7f8-4409-a668-f064eff6295c', '62084a19-79f9-4a85-b86e-97477da5f5c1', 'S02', 'Soup Placeholder 2', 'A delicious placeholder soup.', 1100, '', '', '[]', '[]', 0, 0, 0, 0, 1, 2, '{}', 0, '[]'),
('432e6155-5856-4534-ae55-921e5619ac00', '49eb5540-c4d9-435c-8c3f-4b1165276091', 'K25', 'Bún Nem', 'Knusprige hausgemachte Frühlingsrollen auf einem Salatbett mit Reisnudeln in hausgemachter vietnamesischer Fisch-Sauce und abgeschmeckt mit Koriander, Erdnüssen und Röstzwiebeln.', 1290, '', '', '[]', '[]', 0, 0, 0, 0, 1, 5, '{"de":{"name":"Bún Nem","description":"Knusprige hausgemachte Frühlingsrollen auf einem Salatbett mit Reisnudeln in hausgemachter vietnamesischer Fisch-Sauce und abgeschmeckt mit Koriander, Erdnüssen und Röstzwiebeln."},"en":{"name":"Bún Nem","description":"Crispy homemade spring rolls on a bed of lettuce with rice noodles in homemade Vietnamese fish sauce and seasoned with coriander, peanuts and roasted onions."},"vi":{"name":"Bún Nem","description":"Chả giò chiên giòn trên nền xà lách cùng bún, nước mắm pha chua ngọt, ngò rí, đậu phộng và hành phi."}}', 0, '[]'),
('463dbe32-a256-49c5-ae99-ea0c93b5d919', '44d9203b-e74b-4d59-bfc6-2df840315046', 'L014', 'Crispy Coffee 14', 'A delightful serving of crispy coffee 14 prepared with authentic spices and fresh ingredients.', 817, '', '', '[]', '[]', 1, 0, 0, 0, 1, 24, '{"de":{"name":"Crispy Coffee 14 (DE)","description":"A delightful serving of crispy coffee 14 prepared with authentic spices and fresh ingredients. (German)"},"pl":{"name":"Crispy Coffee 14 (PL)","description":"A delightful serving of crispy coffee 14 prepared with authentic spices and fresh ingredients. (Polish)"},"vi":{"name":"Crispy Coffee 14 (VI)","description":"A delightful serving of crispy coffee 14 prepared with authentic spices and fresh ingredients. (Vietnamese)"}}', 0, '[]'),
('4b6dad66-fdf4-4bbe-acce-9438201996fc', '719fbeba-c17a-43de-8a65-3fbed5182505', 'M015', 'Rich Stew 15', 'A delightful serving of rich stew 15 prepared with authentic spices and fresh ingredients.', 787, '', '', '[]', '[]', 2, 0, 0, 0, 1, 25, '{"de":{"name":"Rich Stew 15 (DE)","description":"A delightful serving of rich stew 15 prepared with authentic spices and fresh ingredients. (German)"},"pl":{"name":"Rich Stew 15 (PL)","description":"A delightful serving of rich stew 15 prepared with authentic spices and fresh ingredients. (Polish)"},"vi":{"name":"Rich Stew 15 (VI)","description":"A delightful serving of rich stew 15 prepared with authentic spices and fresh ingredients. (Vietnamese)"}}', 0, '[]'),
('4e2019c6-29e0-47b4-888b-b3d98e64a039', '719fbeba-c17a-43de-8a65-3fbed5182505', 'M013', 'Rich Roast 13', 'A delightful serving of rich roast 13 prepared with authentic spices and fresh ingredients.', 1654, '', '', '[]', '[]', 1, 0, 0, 0, 1, 23, '{"de":{"name":"Rich Roast 13 (DE)","description":"A delightful serving of rich roast 13 prepared with authentic spices and fresh ingredients. (German)"},"pl":{"name":"Rich Roast 13 (PL)","description":"A delightful serving of rich roast 13 prepared with authentic spices and fresh ingredients. (Polish)"},"vi":{"name":"Rich Roast 13 (VI)","description":"A delightful serving of rich roast 13 prepared with authentic spices and fresh ingredients. (Vietnamese)"}}', 0, '[]'),
('4e80e878-a957-4192-aab4-97326e4cecc6', 'bb9c212f-ec99-4bea-af02-453f624b126a', 'K07', 'Bone Marrow Bánh Tráng', 'Torched marrow, rice cracker, herb salad, nuoc cham gel.', 2200, '', '', '["NF","SF"]', '[]', 0, 0, 0, 0, 1, 7, '{}', 0, '[]'),
('51689152-fec5-400b-9b51-8984d01fef92', '719fbeba-c17a-43de-8a65-3fbed5182505', 'M018', 'Signature Rice 18', 'A delightful serving of signature rice 18 prepared with authentic spices and fresh ingredients.', 1156, '', '', '[]', '[]', 2, 0, 0, 0, 1, 28, '{"de":{"name":"Signature Rice 18 (DE)","description":"A delightful serving of signature rice 18 prepared with authentic spices and fresh ingredients. (German)"},"pl":{"name":"Signature Rice 18 (PL)","description":"A delightful serving of signature rice 18 prepared with authentic spices and fresh ingredients. (Polish)"},"vi":{"name":"Signature Rice 18 (VI)","description":"A delightful serving of signature rice 18 prepared with authentic spices and fresh ingredients. (Vietnamese)"}}', 0, '[]'),
('52ccc2a5-74fc-40ff-bf49-d9b5782b0c36', '44d9203b-e74b-4d59-bfc6-2df840315046', 'L02', 'The Pho Old Fashioned', 'Bourbon washed with star anise and cinnamon, bitters.', 1800, '', '', '["VV","GF","NF","SF"]', '[]', 0, 0, 0, 0, 1, 2, '{}', 0, '[]'),
('535f874c-4e50-48c5-95d9-a28819e45bf3', '44d9203b-e74b-4d59-bfc6-2df840315046', 'L012', 'Classic Cocktail 12', 'A delightful serving of classic cocktail 12 prepared with authentic spices and fresh ingredients.', 1870, '', '', '[]', '[]', 2, 0, 0, 0, 1, 22, '{"de":{"name":"Classic Cocktail 12 (DE)","description":"A delightful serving of classic cocktail 12 prepared with authentic spices and fresh ingredients. (German)"},"pl":{"name":"Classic Cocktail 12 (PL)","description":"A delightful serving of classic cocktail 12 prepared with authentic spices and fresh ingredients. (Polish)"},"vi":{"name":"Classic Cocktail 12 (VI)","description":"A delightful serving of classic cocktail 12 prepared with authentic spices and fresh ingredients. (Vietnamese)"}}', 0, '[]'),
('5640668e-8bb8-47bc-b53a-95a00a8283bc', 'bb9c212f-ec99-4bea-af02-453f624b126a', 'K04', 'Crispy Lotus Root Chips', 'Hand-sliced lotus root, chili-lime salt, smoked paprika.', 1000, '', '', '["VV","GF"]', '[]', 1, 0, 1, 0, 1, 4, '{}', 0, '[]'),
('57609b35-a651-421c-8650-8fe5279203d2', '49eb5540-c4d9-435c-8c3f-4b1165276091', 'K23', 'Bún Gà Sả Ớt', 'Gebratenes Hühnerfleisch mit Zitronengras und Zwiebeln auf einem Salatbett mit Reisnudeln in hausgemachter vietnamesischer Fisch-Sauce und abgeschmeckt mit Koriander, Erdnüssen und Röstzwiebeln.', 1290, '', '', '[]', '[]', 0, 0, 0, 0, 1, 3, '{"de":{"name":"Bún Gà Sả Ớt","description":"Gebratenes Hühnerfleisch mit Zitronengras und Zwiebeln auf einem Salatbett mit Reisnudeln in hausgemachter vietnamesischer Fisch-Sauce und abgeschmeckt mit Koriander, Erdnüssen und Röstzwiebeln."},"en":{"name":"Bún Gà Sả Ớt","description":"Fried chicken with lemongrass and onions on a bed of lettuce with rice noodles in homemade vietnamese fish sauce and seasoned with coriander, peanuts and roasted onions."},"vi":{"name":"Bún Gà Sả Ớt","description":"Gà xào sả ớt trên nền xà lách cùng bún, nước mắm pha chua ngọt, ngò rí, đậu phộng và hành phi."}}', 0, '[]'),
('5ad11f8e-fead-4367-8ced-0ec84b421fe8', 'bb9c212f-ec99-4bea-af02-453f624b126a', 'K007', 'Modern Soup 7', 'A delightful serving of modern soup 7 prepared with authentic spices and fresh ingredients.', 1728, '', '', '[]', '[]', 1, 0, 0, 0, 1, 17, '{"de":{"name":"Modern Soup 7 (DE)","description":"A delightful serving of modern soup 7 prepared with authentic spices and fresh ingredients. (German)"},"pl":{"name":"Modern Soup 7 (PL)","description":"A delightful serving of modern soup 7 prepared with authentic spices and fresh ingredients. (Polish)"},"vi":{"name":"Modern Soup 7 (VI)","description":"A delightful serving of modern soup 7 prepared with authentic spices and fresh ingredients. (Vietnamese)"}}', 0, '[]'),
('5c18dca1-9b3d-446c-a0a1-f136154870f6', '44d9203b-e74b-4d59-bfc6-2df840315046', 'L05', 'Pandan Highball', 'Japanese whisky, pandan syrup, soda.', 1700, '', '', '["VV","GF","NF","SF"]', '[]', 0, 0, 0, 0, 1, 5, '{}', 0, '[]'),
('5e91b135-2504-490d-a92f-964c16df9fb8', '719fbeba-c17a-43de-8a65-3fbed5182505', 'M004', 'Signature Rice 4', 'A delightful serving of signature rice 4 prepared with authentic spices and fresh ingredients.', 2075, '', '', '[]', '[]', 3, 0, 0, 0, 1, 14, '{"de":{"name":"Signature Rice 4 (DE)","description":"A delightful serving of signature rice 4 prepared with authentic spices and fresh ingredients. (German)"},"pl":{"name":"Signature Rice 4 (PL)","description":"A delightful serving of signature rice 4 prepared with authentic spices and fresh ingredients. (Polish)"},"vi":{"name":"Signature Rice 4 (VI)","description":"A delightful serving of signature rice 4 prepared with authentic spices and fresh ingredients. (Vietnamese)"}}', 0, '[]'),
('60ddbade-1ad1-4d67-85b2-ce4b90e3f7bd', '719fbeba-c17a-43de-8a65-3fbed5182505', 'M008', 'Glazed Pho 8', 'A delightful serving of glazed pho 8 prepared with authentic spices and fresh ingredients.', 1022, '', '', '[]', '[]', 1, 0, 0, 0, 1, 18, '{"de":{"name":"Glazed Pho 8 (DE)","description":"A delightful serving of glazed pho 8 prepared with authentic spices and fresh ingredients. (German)"},"pl":{"name":"Glazed Pho 8 (PL)","description":"A delightful serving of glazed pho 8 prepared with authentic spices and fresh ingredients. (Polish)"},"vi":{"name":"Glazed Pho 8 (VI)","description":"A delightful serving of glazed pho 8 prepared with authentic spices and fresh ingredients. (Vietnamese)"}}', 0, '[]'),
('67c92250-d912-4052-855f-edd746283c19', '44d9203b-e74b-4d59-bfc6-2df840315046', 'L013', 'Glazed Juice 13', 'A delightful serving of glazed juice 13 prepared with authentic spices and fresh ingredients.', 871, '', '', '[]', '[]', 2, 0, 0, 0, 1, 23, '{"de":{"name":"Glazed Juice 13 (DE)","description":"A delightful serving of glazed juice 13 prepared with authentic spices and fresh ingredients. (German)"},"pl":{"name":"Glazed Juice 13 (PL)","description":"A delightful serving of glazed juice 13 prepared with authentic spices and fresh ingredients. (Polish)"},"vi":{"name":"Glazed Juice 13 (VI)","description":"A delightful serving of glazed juice 13 prepared with authentic spices and fresh ingredients. (Vietnamese)"}}', 0, '[]'),
('6b97a987-d672-42b3-81c6-6e53555983d2', 'bb9c212f-ec99-4bea-af02-453f624b126a', 'K02', 'Smoked Duck Summer Rolls', 'Rice paper, duck confit, shiso, pickled daikon, hoisin-tamarind.', 1800, '', '', '["NF","SF"]', '[]', 0, 0, 0, 0, 1, 2, '{}', 0, '[]'),
('6d1bdc10-5877-41d6-a764-c6f0c375b087', '44d9203b-e74b-4d59-bfc6-2df840315046', 'L015', 'Crispy Juice 15', 'A delightful serving of crispy juice 15 prepared with authentic spices and fresh ingredients.', 1971, '', '', '[]', '[]', 3, 0, 0, 0, 1, 25, '{"de":{"name":"Crispy Juice 15 (DE)","description":"A delightful serving of crispy juice 15 prepared with authentic spices and fresh ingredients. (German)"},"pl":{"name":"Crispy Juice 15 (PL)","description":"A delightful serving of crispy juice 15 prepared with authentic spices and fresh ingredients. (Polish)"},"vi":{"name":"Crispy Juice 15 (VI)","description":"A delightful serving of crispy juice 15 prepared with authentic spices and fresh ingredients. (Vietnamese)"}}', 0, '[]'),
('6d209a4d-15c1-4c1d-90dc-c213ef52edac', '719fbeba-c17a-43de-8a65-3fbed5182505', 'M009', 'Rich Banh Mi 9', 'A delightful serving of rich banh mi 9 prepared with authentic spices and fresh ingredients.', 1632, '', '', '[]', '[]', 0, 0, 0, 0, 1, 19, '{"de":{"name":"Rich Banh Mi 9 (DE)","description":"A delightful serving of rich banh mi 9 prepared with authentic spices and fresh ingredients. (German)"},"pl":{"name":"Rich Banh Mi 9 (PL)","description":"A delightful serving of rich banh mi 9 prepared with authentic spices and fresh ingredients. (Polish)"},"vi":{"name":"Rich Banh Mi 9 (VI)","description":"A delightful serving of rich banh mi 9 prepared with authentic spices and fresh ingredients. (Vietnamese)"}}', 0, '[]'),
('720d459b-c24a-487f-91d5-dfacb302c28a', '719fbeba-c17a-43de-8a65-3fbed5182505', 'M003', 'Juicy Banh Mi 3', 'A delightful serving of juicy banh mi 3 prepared with authentic spices and fresh ingredients.', 2068, '', '', '[]', '[]', 1, 0, 0, 0, 1, 13, '{"de":{"name":"Juicy Banh Mi 3 (DE)","description":"A delightful serving of juicy banh mi 3 prepared with authentic spices and fresh ingredients. (German)"},"pl":{"name":"Juicy Banh Mi 3 (PL)","description":"A delightful serving of juicy banh mi 3 prepared with authentic spices and fresh ingredients. (Polish)"},"vi":{"name":"Juicy Banh Mi 3 (VI)","description":"A delightful serving of juicy banh mi 3 prepared with authentic spices and fresh ingredients. (Vietnamese)"}}', 0, '[]'),
('72714981-1f4d-4a69-8157-f5655a1f2efe', 'bb9c212f-ec99-4bea-af02-453f624b126a', 'K004', 'Classic Skewers 4', 'A delightful serving of classic skewers 4 prepared with authentic spices and fresh ingredients.', 1986, '', '', '[]', '[]', 3, 0, 0, 0, 1, 14, '{"de":{"name":"Classic Skewers 4 (DE)","description":"A delightful serving of classic skewers 4 prepared with authentic spices and fresh ingredients. (German)"},"pl":{"name":"Classic Skewers 4 (PL)","description":"A delightful serving of classic skewers 4 prepared with authentic spices and fresh ingredients. (Polish)"},"vi":{"name":"Classic Skewers 4 (VI)","description":"A delightful serving of classic skewers 4 prepared with authentic spices and fresh ingredients. (Vietnamese)"}}', 0, '[]'),
('7983c6d0-68bb-4f9e-9d10-0d1206ea577e', '719fbeba-c17a-43de-8a65-3fbed5182505', 'M007', 'Steamed Stir-fry 7', 'A delightful serving of steamed stir-fry 7 prepared with authentic spices and fresh ingredients.', 2403, '', '', '[]', '[]', 1, 0, 0, 0, 1, 17, '{"de":{"name":"Steamed Stir-fry 7 (DE)","description":"A delightful serving of steamed stir-fry 7 prepared with authentic spices and fresh ingredients. (German)"},"pl":{"name":"Steamed Stir-fry 7 (PL)","description":"A delightful serving of steamed stir-fry 7 prepared with authentic spices and fresh ingredients. (Polish)"},"vi":{"name":"Steamed Stir-fry 7 (VI)","description":"A delightful serving of steamed stir-fry 7 prepared with authentic spices and fresh ingredients. (Vietnamese)"}}', 0, '[]'),
('7b1e9808-924e-4287-8d11-ba25dbfa0058', '44d9203b-e74b-4d59-bfc6-2df840315046', 'L01', 'Saigon Smoke', 'Mezcal, charred pineapple, Thai basil, chili tincture.', 1700, '', '', '["VV","GF","NF","SF"]', '[]', 2, 0, 0, 0, 1, 1, '{}', 0, '[]'),
('7c774b07-7c7a-42d1-9caf-c1417f3d5a99', 'bb9c212f-ec99-4bea-af02-453f624b126a', 'K03', 'Wagyu Beef Carpaccio', 'Seared A5 Wagyu, calamansi ponzu, Thai basil oil, toasted rice powder.', 2600, '', '', '["GF","NF","SF"]', '[]', 0, 0, 0, 1, 1, 3, '{}', 0, '[]'),
('7f8e8bae-edf3-4c9b-8f99-bb604b8c1c9d', '719fbeba-c17a-43de-8a65-3fbed5182505', 'M012', 'Classic Roast 12', 'A delightful serving of classic roast 12 prepared with authentic spices and fresh ingredients.', 2371, '', '', '[]', '[]', 3, 0, 0, 0, 1, 22, '{"de":{"name":"Classic Roast 12 (DE)","description":"A delightful serving of classic roast 12 prepared with authentic spices and fresh ingredients. (German)"},"pl":{"name":"Classic Roast 12 (PL)","description":"A delightful serving of classic roast 12 prepared with authentic spices and fresh ingredients. (Polish)"},"vi":{"name":"Classic Roast 12 (VI)","description":"A delightful serving of classic roast 12 prepared with authentic spices and fresh ingredients. (Vietnamese)"}}', 0, '[]'),
('7ffcc883-0ce0-49de-b5db-41858954b58c', '719fbeba-c17a-43de-8a65-3fbed5182505', 'M01', 'The 48-Hour Neo-Pho', 'Clarified bone broth, black cardamom, smoked kelp, ribeye.', 2800, '', '', '["GF","NF","SF"]', '[]', 2, 0, 0, 0, 1, 1, '{}', 1, '[{"id":"v1","name":"Small Portion","name_de":"Kleine Portion","name_pl":"Mała Porcja","name_vi":"Phần Nhỏ","price_cents":1200},{"id":"v2","name":"Regular Portion","name_de":"Normale Portion","name_pl":"Normalna Porcja","name_vi":"Phần Thường","price_cents":1800}]'),
('812461b2-4890-4909-b204-a838a7eb4cef', '719fbeba-c17a-43de-8a65-3fbed5182505', 'M020', 'Grilled Curry 20', 'A delightful serving of grilled curry 20 prepared with authentic spices and fresh ingredients.', 2058, '', '', '[]', '[]', 1, 0, 0, 0, 1, 30, '{"de":{"name":"Grilled Curry 20 (DE)","description":"A delightful serving of grilled curry 20 prepared with authentic spices and fresh ingredients. (German)"},"pl":{"name":"Grilled Curry 20 (PL)","description":"A delightful serving of grilled curry 20 prepared with authentic spices and fresh ingredients. (Polish)"},"vi":{"name":"Grilled Curry 20 (VI)","description":"A delightful serving of grilled curry 20 prepared with authentic spices and fresh ingredients. (Vietnamese)"}}', 0, '[]'),
('85a5a4c7-9423-40da-9055-c8bc9921a0c6', '49eb5540-c4d9-435c-8c3f-4b1165276091', 'K26', 'Bún Bò Nam Bộ', 'Rindfleisch mariniert mit Zitronengras und Zwiebeln auf einem Salatbett mit Reisnudeln in hausgemachter vietnamesischer Fisch-Sauce und abgeschmeckt mit Koriander, Erdnüssen und Röstzwiebeln.', 1290, '', '', '[]', '[]', 0, 0, 0, 0, 1, 6, '{"de":{"name":"Bún Bò Nam Bộ","description":"Rindfleisch mariniert mit Zitronengras und Zwiebeln auf einem Salatbett mit Reisnudeln in hausgemachter vietnamesischer Fisch-Sauce und abgeschmeckt mit Koriander, Erdnüssen und Röstzwiebeln."},"en":{"name":"Bún Bò Nam Bộ","description":"Beef marinated with lemongrass and onions on a bed of lettuce with rice noodles in homemade vietnamese fish sauce and seasoned with coriander, peanuts and roasted onions."},"vi":{"name":"Bún Bò Nam Bộ","description":"Thịt bò xào sả ớt trên nền xà lách cùng bún, nước mắm pha chua ngọt, ngò rí, đậu phộng và hành phi."}}', 0, '[]'),
('85ee0df3-de40-4b9f-9c0c-b232d08b54c2', '719fbeba-c17a-43de-8a65-3fbed5182505', 'M05', 'Claypot Caramelized Prawns', 'Tiger prawns, palm-sugar caramel, black pepper, scallion.', 3200, '', '', '["GF","NF"]', '[]', 1, 0, 0, 0, 1, 5, '{}', 0, '[]'),
('88c884c2-aa64-4202-83db-1fc6fcdf8798', '44d9203b-e74b-4d59-bfc6-2df840315046', 'L04', 'Lemongrass Gimlet', 'Gin, lemongrass cordial, lime leaf.', 1600, '', '', '["VV","GF","NF","SF"]', '[]', 0, 0, 0, 0, 1, 4, '{}', 0, '[]'),
('8a8c942e-de11-4fde-9f37-2dd6a86105e4', '49eb5540-c4d9-435c-8c3f-4b1165276091', 'K24', 'Bún Tofu Sả Ớt', 'Gebratenes Tofu mit Zitronengras und Zwiebeln auf einem Salatbett mit Reisnudeln in hausgemachter vietnamesischer Fisch-Sauce und abgeschmeckt mit Koriander, Erdnüssen und Röstzwiebeln.', 1290, '', '', '[]', '[]', 0, 0, 0, 0, 1, 4, '{"de":{"name":"Bún Tofu Sả Ớt","description":"Gebratenes Tofu mit Zitronengras und Zwiebeln auf einem Salatbett mit Reisnudeln in hausgemachter vietnamesischer Fisch-Sauce und abgeschmeckt mit Koriander, Erdnüssen und Röstzwiebeln."},"en":{"name":"Bún Tofu Sả Ớt","description":"Fried tofu with lemongrass and onions on a bed of lettuce with rice noodles in homemade vietnamese fish sauce and seasoned with coriander, peanuts and roasted onions."},"vi":{"name":"Bún Tofu Sả Ớt","description":"Đậu hũ xào sả ớt trên nền xà lách cùng bún, nước mắm pha chua ngọt, ngò rí, đậu phộng và hành phi."}}', 0, '[]'),
('8b25521a-ee11-41ec-9d50-28235624baf2', '62084a19-79f9-4a85-b86e-97477da5f5c1', 'S01', 'Soup Placeholder 1', 'A delicious placeholder soup.', 1000, '', '', '[]', '[]', 0, 0, 0, 0, 1, 1, '{}', 0, '[]'),
('8e2f27f8-9504-489c-9258-47336985433c', '719fbeba-c17a-43de-8a65-3fbed5182505', 'M005', 'Aromatic Hotpot 5', 'A delightful serving of aromatic hotpot 5 prepared with authentic spices and fresh ingredients.', 857, '', '', '[]', '[]', 3, 0, 0, 0, 1, 15, '{"de":{"name":"Aromatic Hotpot 5 (DE)","description":"A delightful serving of aromatic hotpot 5 prepared with authentic spices and fresh ingredients. (German)"},"pl":{"name":"Aromatic Hotpot 5 (PL)","description":"A delightful serving of aromatic hotpot 5 prepared with authentic spices and fresh ingredients. (Polish)"},"vi":{"name":"Aromatic Hotpot 5 (VI)","description":"A delightful serving of aromatic hotpot 5 prepared with authentic spices and fresh ingredients. (Vietnamese)"}}', 0, '[]'),
('8f4ba2be-b4af-48d7-a5d4-6c22a4555fa9', 'bb9c212f-ec99-4bea-af02-453f624b126a', 'K019', 'Rich Dumplings 19', 'A delightful serving of rich dumplings 19 prepared with authentic spices and fresh ingredients.', 2348, '', '', '[]', '[]', 3, 0, 0, 0, 1, 29, '{"de":{"name":"Rich Dumplings 19 (DE)","description":"A delightful serving of rich dumplings 19 prepared with authentic spices and fresh ingredients. (German)"},"pl":{"name":"Rich Dumplings 19 (PL)","description":"A delightful serving of rich dumplings 19 prepared with authentic spices and fresh ingredients. (Polish)"},"vi":{"name":"Rich Dumplings 19 (VI)","description":"A delightful serving of rich dumplings 19 prepared with authentic spices and fresh ingredients. (Vietnamese)"}}', 0, '[]'),
('911b2cac-279c-4998-a334-e611e6dc2045', '719fbeba-c17a-43de-8a65-3fbed5182505', 'M09', 'Bamboo Charcoal Bao', 'Pulled short rib, hoisin reduction, pickled cucumber, sesame.', 2000, '', '', '["NF","SF"]', '[]', 0, 0, 0, 0, 1, 9, '{}', 0, '[]'),
('915f20bf-ab3e-4fb8-a735-ebfb247ac9c0', 'bb9c212f-ec99-4bea-af02-453f624b126a', 'K06', 'Crispy Quail Eggs', 'Soy-cured, panko-crusted, smoked chili mayo.', 1300, '', '', '["NF","SF"]', '[]', 1, 0, 0, 1, 1, 6, '{}', 0, '[]'),
('92c65314-1298-4483-bbef-da34f6fc3cb6', '719fbeba-c17a-43de-8a65-3fbed5182505', 'M07', 'Smoked Bún Bò Huế', 'Beef shank, lemongrass-chili broth, banana blossom.', 2400, '', '', '["GF","NF","SF"]', '[]', 3, 0, 0, 0, 1, 7, '{}', 0, '[]'),
('9332e7c3-c44d-443c-9190-b5e40c170ef6', 'bb9c212f-ec99-4bea-af02-453f624b126a', 'K012', 'Rich Pancakes 12', 'A delightful serving of rich pancakes 12 prepared with authentic spices and fresh ingredients.', 1078, '', '', '[]', '[]', 0, 0, 0, 0, 1, 22, '{"de":{"name":"Rich Pancakes 12 (DE)","description":"A delightful serving of rich pancakes 12 prepared with authentic spices and fresh ingredients. (German)"},"pl":{"name":"Rich Pancakes 12 (PL)","description":"A delightful serving of rich pancakes 12 prepared with authentic spices and fresh ingredients. (Polish)"},"vi":{"name":"Rich Pancakes 12 (VI)","description":"A delightful serving of rich pancakes 12 prepared with authentic spices and fresh ingredients. (Vietnamese)"}}', 0, '[]'),
('9507e0ff-1e20-48db-b86b-c908d13c2272', '44d9203b-e74b-4d59-bfc6-2df840315046', 'L06', 'Tamarind Margarita', 'Tequila, tamarind, chili-salt rim, dehydrated lime.', 1600, '', '', '["VV","GF","NF","SF"]', '[]', 2, 0, 0, 0, 1, 6, '{}', 0, '[]'),
('9a2f5273-9ac9-48dd-98e9-6b0aabe78276', 'bb9c212f-ec99-4bea-af02-453f624b126a', 'K011', 'Steamed Edamame 11', 'A delightful serving of steamed edamame 11 prepared with authentic spices and fresh ingredients.', 1483, '', '', '[]', '[]', 2, 0, 0, 0, 1, 21, '{"de":{"name":"Steamed Edamame 11 (DE)","description":"A delightful serving of steamed edamame 11 prepared with authentic spices and fresh ingredients. (German)"},"pl":{"name":"Steamed Edamame 11 (PL)","description":"A delightful serving of steamed edamame 11 prepared with authentic spices and fresh ingredients. (Polish)"},"vi":{"name":"Steamed Edamame 11 (VI)","description":"A delightful serving of steamed edamame 11 prepared with authentic spices and fresh ingredients. (Vietnamese)"}}', 0, '[]'),
('9dde9f6d-b734-4c90-a5c4-d5fd49a3a152', '44d9203b-e74b-4d59-bfc6-2df840315046', 'L002', 'Juicy Matcha 2', 'A delightful serving of juicy matcha 2 prepared with authentic spices and fresh ingredients.', 1603, '', '', '[]', '[]', 1, 0, 0, 0, 1, 12, '{"de":{"name":"Juicy Matcha 2 (DE)","description":"A delightful serving of juicy matcha 2 prepared with authentic spices and fresh ingredients. (German)"},"pl":{"name":"Juicy Matcha 2 (PL)","description":"A delightful serving of juicy matcha 2 prepared with authentic spices and fresh ingredients. (Polish)"},"vi":{"name":"Juicy Matcha 2 (VI)","description":"A delightful serving of juicy matcha 2 prepared with authentic spices and fresh ingredients. (Vietnamese)"}}', 0, '[]'),
('a062034a-3d47-484f-994e-b212d7aa3c58', '719fbeba-c17a-43de-8a65-3fbed5182505', 'M016', 'Modern Noodles 16', 'A delightful serving of modern noodles 16 prepared with authentic spices and fresh ingredients.', 959, '', '', '[]', '[]', 2, 0, 0, 0, 1, 26, '{"de":{"name":"Modern Noodles 16 (DE)","description":"A delightful serving of modern noodles 16 prepared with authentic spices and fresh ingredients. (German)"},"pl":{"name":"Modern Noodles 16 (PL)","description":"A delightful serving of modern noodles 16 prepared with authentic spices and fresh ingredients. (Polish)"},"vi":{"name":"Modern Noodles 16 (VI)","description":"A delightful serving of modern noodles 16 prepared with authentic spices and fresh ingredients. (Vietnamese)"}}', 0, '[]'),
('a0ceb5d8-b69a-452a-ae0a-c92686c2c120', 'bb9c212f-ec99-4bea-af02-453f624b126a', 'K013', 'Spicy Wings 13', 'A delightful serving of spicy wings 13 prepared with authentic spices and fresh ingredients.', 2159, '', '', '[]', '[]', 1, 0, 0, 0, 1, 23, '{"de":{"name":"Spicy Wings 13 (DE)","description":"A delightful serving of spicy wings 13 prepared with authentic spices and fresh ingredients. (German)"},"pl":{"name":"Spicy Wings 13 (PL)","description":"A delightful serving of spicy wings 13 prepared with authentic spices and fresh ingredients. (Polish)"},"vi":{"name":"Spicy Wings 13 (VI)","description":"A delightful serving of spicy wings 13 prepared with authentic spices and fresh ingredients. (Vietnamese)"}}', 0, '[]'),
('a10edc0d-b732-4938-a7fb-e1b7d4a86e21', '44d9203b-e74b-4d59-bfc6-2df840315046', 'L007', 'Savory Mocktail 7', 'A delightful serving of savory mocktail 7 prepared with authentic spices and fresh ingredients.', 1601, '', '', '[]', '[]', 1, 0, 0, 0, 1, 17, '{"de":{"name":"Savory Mocktail 7 (DE)","description":"A delightful serving of savory mocktail 7 prepared with authentic spices and fresh ingredients. (German)"},"pl":{"name":"Savory Mocktail 7 (PL)","description":"A delightful serving of savory mocktail 7 prepared with authentic spices and fresh ingredients. (Polish)"},"vi":{"name":"Savory Mocktail 7 (VI)","description":"A delightful serving of savory mocktail 7 prepared with authentic spices and fresh ingredients. (Vietnamese)"}}', 0, '[]'),
('a3196941-32c2-4c3b-99da-ca482b14895e', '719fbeba-c17a-43de-8a65-3fbed5182505', 'M001', 'Glazed Roast 1', 'A delightful serving of glazed roast 1 prepared with authentic spices and fresh ingredients.', 1496, '', '', '[]', '[]', 1, 0, 0, 0, 1, 11, '{"de":{"name":"Glazed Roast 1 (DE)","description":"A delightful serving of glazed roast 1 prepared with authentic spices and fresh ingredients. (German)"},"pl":{"name":"Glazed Roast 1 (PL)","description":"A delightful serving of glazed roast 1 prepared with authentic spices and fresh ingredients. (Polish)"},"vi":{"name":"Glazed Roast 1 (VI)","description":"A delightful serving of glazed roast 1 prepared with authentic spices and fresh ingredients. (Vietnamese)"}}', 0, '[]'),
('a69628e9-c04a-4709-b849-9562c9cac75d', '49eb5540-c4d9-435c-8c3f-4b1165276091', 'K18', 'Udon Xào', 'Udon nudeln im Wok gebraten mit Ei, Möhren, Pak Choi, Zwiebeln, abgeschmeckt mit Koriander und Röstzwiebeln', 0, '', '', '[]', '[]', 0, 0, 0, 0, 1, 1, '{"de":{"name":"Udon Xào","description":"Udon nudeln im Wok gebraten mit Ei, Möhren, Pak Choi, Zwiebeln, abgeschmeckt mit Koriander und Röstzwiebeln"},"en":{"name":"Udon Xào","description":"Udon noodles fried in a wok with egg, carrots, pak choi, onions, seasoned with coriander and roasted onions"},"vi":{"name":"Udon Xào","description":"Mì Udon xào với trứng, cà rốt, cải thìa, hành tây, nêm ngò và hành phi"}}', 1, '[{"name":"Gemüse veggie","price":1190,"price_cents":1190},{"name":"Tofu","price":1290,"price_cents":1290},{"name":"Hühnerfleisch chicken","price":1290,"price_cents":1290},{"name":"Knusprige Hühnerbrust crispy chicken","price":1390,"price_cents":1390},{"name":"Rindfleisch beef","price":1390,"price_cents":1390},{"name":"Knusprige Ente crispy duck","price":1490,"price_cents":1490},{"name":"Große Garnelen prawns","price":1590,"price_cents":1590},{"name":"Vegane Ente vegan duck","price":1450,"price_cents":1490},{"name":"Veganes Huhn vegan chicken","price":1390,"price_cents":1390}]'),
('b4781dba-3ad2-445d-a6fd-4a0f5cffc69f', '719fbeba-c17a-43de-8a65-3fbed5182505', 'M06', 'Caramel Black Cod Clay', 'Palm-sugar braise, ginger threads, scallion oil.', 3600, '', '', '["GF","NF"]', '[]', 1, 0, 0, 0, 1, 6, '{}', 0, '[]'),
('b7ab98c1-ec7b-4bd0-aa27-a09690f258f8', 'bb9c212f-ec99-4bea-af02-453f624b126a', 'K008', 'Crispy Edamame 8', 'A delightful serving of crispy edamame 8 prepared with authentic spices and fresh ingredients.', 2031, '', '', '[]', '[]', 1, 0, 0, 0, 1, 18, '{"de":{"name":"Crispy Edamame 8 (DE)","description":"A delightful serving of crispy edamame 8 prepared with authentic spices and fresh ingredients. (German)"},"pl":{"name":"Crispy Edamame 8 (PL)","description":"A delightful serving of crispy edamame 8 prepared with authentic spices and fresh ingredients. (Polish)"},"vi":{"name":"Crispy Edamame 8 (VI)","description":"A delightful serving of crispy edamame 8 prepared with authentic spices and fresh ingredients. (Vietnamese)"}}', 0, '[]'),
('b9d64e3b-9c24-4b1f-90b5-e558a7412caf', 'bb9c212f-ec99-4bea-af02-453f624b126a', 'K009', 'Glazed Edamame 9', 'A delightful serving of glazed edamame 9 prepared with authentic spices and fresh ingredients.', 1163, '', '', '[]', '[]', 3, 0, 0, 0, 1, 19, '{"de":{"name":"Glazed Edamame 9 (DE)","description":"A delightful serving of glazed edamame 9 prepared with authentic spices and fresh ingredients. (German)"},"pl":{"name":"Glazed Edamame 9 (PL)","description":"A delightful serving of glazed edamame 9 prepared with authentic spices and fresh ingredients. (Polish)"},"vi":{"name":"Glazed Edamame 9 (VI)","description":"A delightful serving of glazed edamame 9 prepared with authentic spices and fresh ingredients. (Vietnamese)"}}', 0, '[]'),
('b9f19cce-8cf0-4896-9db3-24b0b11135c7', 'bb9c212f-ec99-4bea-af02-453f624b126a', 'K006', 'Rich Soup 6', 'A delightful serving of rich soup 6 prepared with authentic spices and fresh ingredients.', 1291, '', '', '[]', '[]', 3, 0, 0, 0, 1, 16, '{"de":{"name":"Rich Soup 6 (DE)","description":"A delightful serving of rich soup 6 prepared with authentic spices and fresh ingredients. (German)"},"pl":{"name":"Rich Soup 6 (PL)","description":"A delightful serving of rich soup 6 prepared with authentic spices and fresh ingredients. (Polish)"},"vi":{"name":"Rich Soup 6 (VI)","description":"A delightful serving of rich soup 6 prepared with authentic spices and fresh ingredients. (Vietnamese)"}}', 0, '[]'),
('baedb51e-1bea-4f93-9616-82ecd56cd626', 'bb9c212f-ec99-4bea-af02-453f624b126a', 'K014', 'Modern Dumplings 14', 'A delightful serving of modern dumplings 14 prepared with authentic spices and fresh ingredients.', 2445, '', '', '[]', '[]', 3, 0, 0, 0, 1, 24, '{"de":{"name":"Modern Dumplings 14 (DE)","description":"A delightful serving of modern dumplings 14 prepared with authentic spices and fresh ingredients. (German)"},"pl":{"name":"Modern Dumplings 14 (PL)","description":"A delightful serving of modern dumplings 14 prepared with authentic spices and fresh ingredients. (Polish)"},"vi":{"name":"Modern Dumplings 14 (VI)","description":"A delightful serving of modern dumplings 14 prepared with authentic spices and fresh ingredients. (Vietnamese)"}}', 0, '[]'),
('baf70281-a658-4425-8020-161cdc843468', '44d9203b-e74b-4d59-bfc6-2df840315046', 'L017', 'Juicy Matcha 17', 'A delightful serving of juicy matcha 17 prepared with authentic spices and fresh ingredients.', 768, '', '', '[]', '[]', 2, 0, 0, 0, 1, 27, '{"de":{"name":"Juicy Matcha 17 (DE)","description":"A delightful serving of juicy matcha 17 prepared with authentic spices and fresh ingredients. (German)"},"pl":{"name":"Juicy Matcha 17 (PL)","description":"A delightful serving of juicy matcha 17 prepared with authentic spices and fresh ingredients. (Polish)"},"vi":{"name":"Juicy Matcha 17 (VI)","description":"A delightful serving of juicy matcha 17 prepared with authentic spices and fresh ingredients. (Vietnamese)"}}', 0, '[]'),
('bbaf8275-4acc-4478-96e7-fd81a7424ebd', '719fbeba-c17a-43de-8a65-3fbed5182505', 'M019', 'Glazed Curry 19', 'A delightful serving of glazed curry 19 prepared with authentic spices and fresh ingredients.', 858, '', '', '[]', '[]', 3, 0, 0, 0, 1, 29, '{"de":{"name":"Glazed Curry 19 (DE)","description":"A delightful serving of glazed curry 19 prepared with authentic spices and fresh ingredients. (German)"},"pl":{"name":"Glazed Curry 19 (PL)","description":"A delightful serving of glazed curry 19 prepared with authentic spices and fresh ingredients. (Polish)"},"vi":{"name":"Glazed Curry 19 (VI)","description":"A delightful serving of glazed curry 19 prepared with authentic spices and fresh ingredients. (Vietnamese)"}}', 0, '[]'),
('bf34e2f0-1ef2-4f90-aba6-7f8dfaf74f9c', '719fbeba-c17a-43de-8a65-3fbed5182505', 'M006', 'Steamed Banh Mi 6', 'A delightful serving of steamed banh mi 6 prepared with authentic spices and fresh ingredients.', 625, '', '', '[]', '[]', 1, 0, 0, 0, 1, 16, '{"de":{"name":"Steamed Banh Mi 6 (DE)","description":"A delightful serving of steamed banh mi 6 prepared with authentic spices and fresh ingredients. (German)"},"pl":{"name":"Steamed Banh Mi 6 (PL)","description":"A delightful serving of steamed banh mi 6 prepared with authentic spices and fresh ingredients. (Polish)"},"vi":{"name":"Steamed Banh Mi 6 (VI)","description":"A delightful serving of steamed banh mi 6 prepared with authentic spices and fresh ingredients. (Vietnamese)"}}', 0, '[]'),
('bfafb5c7-768a-4732-a6c4-9277f05eb695', 'bb9c212f-ec99-4bea-af02-453f624b126a', 'K002', 'Crispy Skewers 2', 'A delightful serving of crispy skewers 2 prepared with authentic spices and fresh ingredients.', 2365, '', '', '[]', '[]', 1, 0, 0, 0, 1, 12, '{"de":{"name":"Crispy Skewers 2 (DE)","description":"A delightful serving of crispy skewers 2 prepared with authentic spices and fresh ingredients. (German)"},"pl":{"name":"Crispy Skewers 2 (PL)","description":"A delightful serving of crispy skewers 2 prepared with authentic spices and fresh ingredients. (Polish)"},"vi":{"name":"Crispy Skewers 2 (VI)","description":"A delightful serving of crispy skewers 2 prepared with authentic spices and fresh ingredients. (Vietnamese)"}}', 0, '[]'),
('c0a2ccd3-e6af-4b00-9944-4831c8298445', 'bb9c212f-ec99-4bea-af02-453f624b126a', 'K05', 'Green Papaya & Pomelo Salad', 'Shaved papaya, pomelo, candied cashews, fish-sauce vinaigrette.', 1400, '', '', '["VV","GF","SF"]', '[]', 0, 0, 0, 0, 1, 5, '{}', 0, '[]'),
('c0dce262-4025-419a-910e-93eb2acec5f5', '719fbeba-c17a-43de-8a65-3fbed5182505', 'M10', 'Saigon Curry Lobster', 'Coconut-turmeric curry, kaffir lime, lobster.', 4800, '', '', '["GF","NF"]', '[]', 1, 1, 0, 0, 1, 10, '{}', 0, '[]'),
('c4664caf-8059-4cae-9f97-1956572c18b9', 'bb9c212f-ec99-4bea-af02-453f624b126a', 'K08', 'Charred Eggplant Nem', 'Smoked aubergine, peanut, perilla, rice paper crisp.', 1300, '', '', '["VV","GF","SF"]', '[]', 0, 1, 0, 0, 1, 8, '{}', 0, '[]'),
('c73f01d8-4c07-4d71-8248-20a96ac4387e', '62084a19-79f9-4a85-b86e-97477da5f5c1', 'S03', 'Soup Placeholder 3', 'A delicious placeholder soup.', 1200, '', '', '[]', '[]', 0, 0, 0, 0, 1, 3, '{}', 0, '[]'),
('d790946b-d9f3-4532-b8cc-f1d0c47bd240', 'bb9c212f-ec99-4bea-af02-453f624b126a', 'K018', 'Aromatic Skewers 18', 'A delightful serving of aromatic skewers 18 prepared with authentic spices and fresh ingredients.', 1450, '', '', '[]', '[]', 3, 0, 0, 0, 1, 28, '{"de":{"name":"Aromatic Skewers 18 (DE)","description":"A delightful serving of aromatic skewers 18 prepared with authentic spices and fresh ingredients. (German)"},"pl":{"name":"Aromatic Skewers 18 (PL)","description":"A delightful serving of aromatic skewers 18 prepared with authentic spices and fresh ingredients. (Polish)"},"vi":{"name":"Aromatic Skewers 18 (VI)","description":"A delightful serving of aromatic skewers 18 prepared with authentic spices and fresh ingredients. (Vietnamese)"}}', 0, '[]'),
('d8ed7367-6417-4170-8a77-69742dd1c931', 'bb9c212f-ec99-4bea-af02-453f624b126a', 'K005', 'Modern Dumplings 5', 'A delightful serving of modern dumplings 5 prepared with authentic spices and fresh ingredients.', 1112, '', '', '[]', '[]', 0, 0, 0, 0, 1, 15, '{"de":{"name":"Modern Dumplings 5 (DE)","description":"A delightful serving of modern dumplings 5 prepared with authentic spices and fresh ingredients. (German)"},"pl":{"name":"Modern Dumplings 5 (PL)","description":"A delightful serving of modern dumplings 5 prepared with authentic spices and fresh ingredients. (Polish)"},"vi":{"name":"Modern Dumplings 5 (VI)","description":"A delightful serving of modern dumplings 5 prepared with authentic spices and fresh ingredients. (Vietnamese)"}}', 0, '[]'),
('db7dac5d-bd1d-4aca-b61b-24c22eeb1473', '719fbeba-c17a-43de-8a65-3fbed5182505', 'M03', 'Lemongrass Sous-Vide Pork Belly', '24h slow-cooked pork belly, scallion oil, pickled lotus root.', 3000, '', '', '["GF","NF","SF"]', '[]', 0, 0, 0, 0, 1, 3, '{}', 0, '[]'),
('db8e7902-e6de-4344-93ff-5742f26e3bed', '62084a19-79f9-4a85-b86e-97477da5f5c1', 'S05', 'Soup Placeholder 5', 'A delicious placeholder soup.', 1400, '', '', '[]', '[]', 0, 0, 0, 0, 1, 5, '{}', 0, '[]'),
('dc68cebf-2605-4391-9bcd-a57cf990d518', 'bb9c212f-ec99-4bea-af02-453f624b126a', 'K016', 'Fresh Rolls 16', 'A delightful serving of fresh rolls 16 prepared with authentic spices and fresh ingredients.', 1802, '', '', '[]', '[]', 2, 0, 0, 0, 1, 26, '{"de":{"name":"Fresh Rolls 16 (DE)","description":"A delightful serving of fresh rolls 16 prepared with authentic spices and fresh ingredients. (German)"},"pl":{"name":"Fresh Rolls 16 (PL)","description":"A delightful serving of fresh rolls 16 prepared with authentic spices and fresh ingredients. (Polish)"},"vi":{"name":"Fresh Rolls 16 (VI)","description":"A delightful serving of fresh rolls 16 prepared with authentic spices and fresh ingredients. (Vietnamese)"}}', 0, '[]'),
('e01c4f9f-d28e-4322-981c-561919880c21', '44d9203b-e74b-4d59-bfc6-2df840315046', 'L020', 'Steamed Latte 20', 'A delightful serving of steamed latte 20 prepared with authentic spices and fresh ingredients.', 1533, '', '', '[]', '[]', 1, 0, 0, 0, 1, 30, '{"de":{"name":"Steamed Latte 20 (DE)","description":"A delightful serving of steamed latte 20 prepared with authentic spices and fresh ingredients. (German)"},"pl":{"name":"Steamed Latte 20 (PL)","description":"A delightful serving of steamed latte 20 prepared with authentic spices and fresh ingredients. (Polish)"},"vi":{"name":"Steamed Latte 20 (VI)","description":"A delightful serving of steamed latte 20 prepared with authentic spices and fresh ingredients. (Vietnamese)"}}', 0, '[]'),
('e3a00307-e1a8-439f-90a0-b5a91bd549fb', '44d9203b-e74b-4d59-bfc6-2df840315046', 'L018', 'Crispy Coffee 18', 'A delightful serving of crispy coffee 18 prepared with authentic spices and fresh ingredients.', 2472, '', '', '[]', '[]', 1, 0, 0, 0, 1, 28, '{"de":{"name":"Crispy Coffee 18 (DE)","description":"A delightful serving of crispy coffee 18 prepared with authentic spices and fresh ingredients. (German)"},"pl":{"name":"Crispy Coffee 18 (PL)","description":"A delightful serving of crispy coffee 18 prepared with authentic spices and fresh ingredients. (Polish)"},"vi":{"name":"Crispy Coffee 18 (VI)","description":"A delightful serving of crispy coffee 18 prepared with authentic spices and fresh ingredients. (Vietnamese)"}}', 0, '[]'),
('e3d8bf6f-319e-4e5d-ab53-43a756bcbe55', '719fbeba-c17a-43de-8a65-3fbed5182505', 'M02', 'Miso-Glazed Cha Ca', 'Turmeric and dill marinated black cod over cold matcha vermicelli.', 3400, '', '', '["GF"]', '[]', 0, 0, 0, 0, 1, 2, '{}', 0, '[]'),
('e7ed4de1-514b-46df-a9d9-d34acf33f477', '44d9203b-e74b-4d59-bfc6-2df840315046', 'L003', 'Smoky Mocktail 3', 'A delightful serving of smoky mocktail 3 prepared with authentic spices and fresh ingredients.', 916, '', '', '[]', '[]', 2, 0, 0, 0, 1, 13, '{"de":{"name":"Smoky Mocktail 3 (DE)","description":"A delightful serving of smoky mocktail 3 prepared with authentic spices and fresh ingredients. (German)"},"pl":{"name":"Smoky Mocktail 3 (PL)","description":"A delightful serving of smoky mocktail 3 prepared with authentic spices and fresh ingredients. (Polish)"},"vi":{"name":"Smoky Mocktail 3 (VI)","description":"A delightful serving of smoky mocktail 3 prepared with authentic spices and fresh ingredients. (Vietnamese)"}}', 0, '[]'),
('efb59b5e-3936-490b-a6af-014e1a56aaeb', 'bb9c212f-ec99-4bea-af02-453f624b126a', 'K003', 'Grilled Wings 3', 'A delightful serving of grilled wings 3 prepared with authentic spices and fresh ingredients.', 642, '', '', '[]', '[]', 1, 0, 0, 0, 1, 13, '{"de":{"name":"Grilled Wings 3 (DE)","description":"A delightful serving of grilled wings 3 prepared with authentic spices and fresh ingredients. (German)"},"pl":{"name":"Grilled Wings 3 (PL)","description":"A delightful serving of grilled wings 3 prepared with authentic spices and fresh ingredients. (Polish)"},"vi":{"name":"Grilled Wings 3 (VI)","description":"A delightful serving of grilled wings 3 prepared with authentic spices and fresh ingredients. (Vietnamese)"}}', 0, '[]'),
('fd3cb6b2-9add-479a-a986-e67d9917c417', 'bb9c212f-ec99-4bea-af02-453f624b126a', 'K017', 'Juicy Skewers 17', 'A delightful serving of juicy skewers 17 prepared with authentic spices and fresh ingredients.', 1539, '', '', '[]', '[]', 0, 0, 0, 0, 1, 27, '{"de":{"name":"Juicy Skewers 17 (DE)","description":"A delightful serving of juicy skewers 17 prepared with authentic spices and fresh ingredients. (German)"},"pl":{"name":"Juicy Skewers 17 (PL)","description":"A delightful serving of juicy skewers 17 prepared with authentic spices and fresh ingredients. (Polish)"},"vi":{"name":"Juicy Skewers 17 (VI)","description":"A delightful serving of juicy skewers 17 prepared with authentic spices and fresh ingredients. (Vietnamese)"}}', 0, '[]'),
('fd8926d4-be29-4407-aea5-ab40e9935b13', '719fbeba-c17a-43de-8a65-3fbed5182505', 'M011', 'Signature Pho 11', 'A delightful serving of signature pho 11 prepared with authentic spices and fresh ingredients.', 1789, '', '', '[]', '[]', 0, 0, 0, 0, 1, 21, '{"de":{"name":"Signature Pho 11 (DE)","description":"A delightful serving of signature pho 11 prepared with authentic spices and fresh ingredients. (German)"},"pl":{"name":"Signature Pho 11 (PL)","description":"A delightful serving of signature pho 11 prepared with authentic spices and fresh ingredients. (Polish)"},"vi":{"name":"Signature Pho 11 (VI)","description":"A delightful serving of signature pho 11 prepared with authentic spices and fresh ingredients. (Vietnamese)"}}', 0, '[]')
ON CONFLICT (code) DO UPDATE SET collection_id = EXCLUDED.collection_id, name = EXCLUDED.name, description = EXCLUDED.description, price_cents = EXCLUDED.price_cents, is_published = EXCLUDED.is_published, sort_order = EXCLUDED.sort_order, translations = EXCLUDED.translations, has_variants = EXCLUDED.has_variants, variants = EXCLUDED.variants;

-- Inject Sushi & Grill Collections
INSERT INTO collections (id, key, label, subtitle, sort_order) VALUES
('coll-sushi-123', 'fampam_sushi_rolls', 'Sushi & Rolls', 'Nigiri, Maki, Inside Out', 10),
('coll-grill-123', 'fampam_grill_spezialitat', 'Grill Spezialität', 'Vom Holzkohlefeuer', 11)
ON CONFLICT(key) DO UPDATE SET label = excluded.label, subtitle = excluded.subtitle;

-- Inject Sushi variants (Main dish is subcategory, variants are actual items)
INSERT INTO dishes (id, collection_id, code, name, description, price_cents, has_variants, variants, is_published, sort_order) VALUES
('dish-sushi-nigiri', 'coll-sushi-123', 'S01', 'Sushi - Nigiri (2 St.)', 'Handgeformtes Sushi', 0, 1, '[{"name":"118. Tuna - gegrill Thunfisch, mayonnaise","price_cents":490},{"name":"110. Avocado","price_cents":350},{"name":"111. Sake - Lachs","price_cents":450}]', 1, 1),
('dish-sushi-maki', 'coll-sushi-123', 'S02', 'Maki (8 St.)', 'Gerollte Sushi in Nori', 0, 1, '[{"name":"Sake Maki","price_cents":450},{"name":"Tekka Maki","price_cents":490},{"name":"Kappa Maki","price_cents":350}]', 1, 2),
('dish-grill-1', 'coll-grill-123', 'G01', 'P.39. Ca Thu Nuong', 'Kurz gegrilltes Thunfischsteak mit asiatischen Kräutern', 2490, 0, '[]', 1, 1),
('dish-grill-2', 'coll-grill-123', 'G02', 'P41. BÒ NƯỚNG', 'Gegrilltes Rindfleisch mariniert in Zitronengras', 2490, 0, '[]', 1, 2)
ON CONFLICT(code) DO UPDATE SET name = excluded.name, description = excluded.description, price_cents = excluded.price_cents, has_variants = excluded.has_variants, variants = excluded.variants;
